kode_cabang;nama_cabang
CABANG-001;PHI Mini Market - Lhokseumawe 01
CABANG-002;PHI Mini Market - Bau-Bau 01
CABANG-003;PHI Mini Market - Bogor 01
CABANG-004;PHI Mini Market - Medan 01
CABANG-005;PHI Mini Market - Bogor 02
CABANG-006;PHI Mini Market - Sukabumi 01
CABANG-007;PHI Mini Market - Tegal 01
CABANG-008;PHI Mini Market - Jakarta Timur 01
CABANG-009;PHI Mini Market - Pasuruan 01
CABANG-010;PHI Mini Market - Langsa 01
CABANG-011;PHI Mini Market - Tarakan 01
CABANG-012;PHI Mini Market - Tebing Tinggi 01
CABANG-013;PHI Mini Market - Bekasi 01
CABANG-014;PHI Mini Market - Batu 01
CABANG-015;PHI Mini Market - Banjarmasin 01
CABANG-016;PHI Mini Market - Padang Panjang 01
CABANG-017;PHI Mini Market - Balikpapan 01
CABANG-018;PHI Mini Market - Sukabumi 02
CABANG-019;PHI Mini Market - Serang 01
CABANG-020;PHI Mini Market - Bontang 01
CABANG-021;PHI Mini Market - Pasuruan 02
CABANG-022;PHI Mini Market - Padang 01
CABANG-023;PHI Mini Market - Lubuklinggau 01
CABANG-024;PHI Mini Market - Madiun 01
CABANG-025;PHI Mini Market - Kupang 01
CABANG-026;PHI Mini Market - Semarang 01
CABANG-027;PHI Mini Market - Singkawang 01
CABANG-028;PHI Mini Market - Bengkulu 01
CABANG-029;PHI Mini Market - Madiun 02
CABANG-030;PHI Mini Market - Pekanbaru 01
CABANG-031;PHI Mini Market - Sawahlunto 01
CABANG-032;PHI Mini Market - Pangkal Pinang 01
CABANG-033;PHI Mini Market - Kupang 02
CABANG-034;PHI Mini Market - Depok 01
CABANG-035;PHI Mini Market - Tanjung Balai 01
CABANG-036;PHI Mini Market - Jambi 01
CABANG-037;PHI Mini Market - Bontang 02
CABANG-038;PHI Mini Market - Bogor 03
CABANG-039;PHI Mini Market - Makassar 01
CABANG-040;PHI Mini Market - Banjar 01
CABANG-041;PHI Mini Market - Makassar 02
CABANG-042;PHI Mini Market - Makassar 03
CABANG-043;PHI Mini Market - Banjar 02
CABANG-044;PHI Mini Market - Pasuruan 03
CABANG-045;PHI Mini Market - Bitung 01
CABANG-046;PHI Mini Market - Palembang 01
CABANG-047;PHI Mini Market - Jakarta Pusat 01
CABANG-048;PHI Mini Market - Tanjung Pinang 01
CABANG-049;PHI Mini Market - Salatiga 01
CABANG-050;PHI Mini Market - Sukabumi 03
CABANG-051;PHI Mini Market - Lubuklinggau 02
CABANG-052;PHI Mini Market - Banjar 03
CABANG-053;PHI Mini Market - Jakarta Timur 02
CABANG-054;PHI Mini Market - Kupang 03
CABANG-055;PHI Mini Market - Pangkal Pinang 02
CABANG-056;PHI Mini Market - Magelang 01
CABANG-057;PHI Mini Market - Tangerang  01
CABANG-058;PHI Mini Market - Manado 01
CABANG-059;PHI Mini Market - Pekanbaru 02
CABANG-060;PHI Mini Market - Balikpapan 02
CABANG-061;PHI Mini Market - Bima 01
CABANG-062;PHI Mini Market - Dumai 01
CABANG-063;PHI Mini Market - Pare-Pare 01
CABANG-064;PHI Mini Market - Payakumbuh 01
CABANG-065;PHI Mini Market - Surabaya 01
CABANG-066;PHI Mini Market - Banjar 04
CABANG-067;PHI Mini Market - Pasuruan 04
CABANG-068;PHI Mini Market - Cilegon 01
CABANG-069;PHI Mini Market - Tanjung Balai 02
CABANG-070;PHI Mini Market - Banjarbaru 01
CABANG-071;PHI Mini Market - Pare-Pare 02
CABANG-072;PHI Mini Market - Batam 01
CABANG-073;PHI Mini Market - Pasuruan 05
CABANG-074;PHI Mini Market - Balikpapan 03
CABANG-075;PHI Mini Market - Surakarta 01
CABANG-076;PHI Mini Market - Blitar 01
CABANG-077;PHI Mini Market - Denpasar 01
CABANG-078;PHI Mini Market - Tegal 02
CABANG-079;PHI Mini Market - Pematangsiantar 01
CABANG-080;PHI Mini Market - Mojokerto 01
CABANG-081;PHI Mini Market - Tanjung Pinang 02
CABANG-082;PHI Mini Market - Surabaya 02
CABANG-083;PHI Mini Market - Jakarta Timur 03
CABANG-084;PHI Mini Market - Tarakan 02
CABANG-085;PHI Mini Market - Tual 01
CABANG-086;PHI Mini Market - Bukittinggi 01
CABANG-087;PHI Mini Market - Cirebon 01
CABANG-088;PHI Mini Market - Kendari 01
CABANG-089;PHI Mini Market - Singkawang 02
CABANG-090;PHI Mini Market - Madiun 03
CABANG-091;PHI Mini Market - Blitar 02
CABANG-092;PHI Mini Market - Padang Panjang 02
CABANG-093;PHI Mini Market - Sawahlunto 02
CABANG-094;PHI Mini Market - Ambon 01
CABANG-095;PHI Mini Market - Ternate 01
CABANG-096;PHI Mini Market - Jambi 02
CABANG-097;PHI Mini Market - Sawahlunto 03
CABANG-098;PHI Mini Market - Depok 02
CABANG-099;PHI Mini Market - Tidore 01
CABANG-100;PHI Mini Market - Banjarmasin 02
CABANG-101;PHI Mini Market - Ambon 02
CABANG-102;PHI Mini Market - Tomohon 01
CABANG-103;PHI Mini Market - Pangkal Pinang 03
CABANG-104;PHI Mini Market - Padang Panjang 03
CABANG-105;PHI Mini Market - Bau-Bau 02
CABANG-106;PHI Mini Market - Bontang 03
CABANG-107;PHI Mini Market - Mataram 01
CABANG-108;PHI Mini Market - Bitung 02
CABANG-109;PHI Mini Market - Pekanbaru 03
CABANG-110;PHI Mini Market - Sukabumi 04
CABANG-111;PHI Mini Market - Tual 02
CABANG-112;PHI Mini Market - Solok 01
CABANG-113;PHI Mini Market - Medan 02
CABANG-114;PHI Mini Market - Malang 01
CABANG-115;PHI Mini Market - Palangka Raya 01
CABANG-116;PHI Mini Market - Cimahi 01
CABANG-117;PHI Mini Market - Payakumbuh 02
CABANG-118;PHI Mini Market - Sawahlunto 04
CABANG-119;PHI Mini Market - Bontang 04
CABANG-120;PHI Mini Market - Cilegon 02
CABANG-121;PHI Mini Market - Padang 02
CABANG-122;PHI Mini Market - Padang Sidempuan 01
CABANG-123;PHI Mini Market - Tebing Tinggi 02
CABANG-124;PHI Mini Market - Serang 02
CABANG-125;PHI Mini Market - Serang 03
CABANG-126;PHI Mini Market - Bukittinggi 02
CABANG-127;PHI Mini Market - Samarinda 01
CABANG-128;PHI Mini Market - Salatiga 02
CABANG-129;PHI Mini Market - Pangkal Pinang 04
CABANG-130;PHI Mini Market - Sibolga 01
CABANG-131;PHI Mini Market - Pare-Pare 03
CABANG-132;PHI Mini Market - Serang 04
CABANG-133;PHI Mini Market - Singkawang 03
CABANG-134;PHI Mini Market - Samarinda 02
CABANG-135;PHI Mini Market - Balikpapan 04
CABANG-136;PHI Mini Market - Jakarta Selatan 01
CABANG-137;PHI Mini Market - Metro 01
CABANG-138;PHI Mini Market - Bima 02
CABANG-139;PHI Mini Market - Kediri 01
CABANG-140;PHI Mini Market - Probolinggo 01
CABANG-141;PHI Mini Market - Pangkal Pinang 05
CABANG-142;PHI Mini Market - Pagar Alam 01
CABANG-143;PHI Mini Market - Sawahlunto 05
CABANG-144;PHI Mini Market - Palu 01
CABANG-145;PHI Mini Market - Denpasar 02
CABANG-146;PHI Mini Market - Balikpapan 05
CABANG-147;PHI Mini Market - Tidore 02
CABANG-148;PHI Mini Market - Bima 03
CABANG-149;PHI Mini Market - Jayapura 01
CABANG-150;PHI Mini Market - Ternate 02
CABANG-151;PHI Mini Market - Bogor 04
CABANG-152;PHI Mini Market - Payakumbuh 03
CABANG-153;PHI Mini Market - Jayapura 02
CABANG-154;PHI Mini Market - Tegal 03
CABANG-155;PHI Mini Market - Pematangsiantar 02
CABANG-156;PHI Mini Market - Tasikmalaya 01
CABANG-157;PHI Mini Market - Gorontalo 01
CABANG-158;PHI Mini Market - Ambon 03
CABANG-159;PHI Mini Market - Sukabumi 05
CABANG-160;PHI Mini Market - Jakarta Timur 04
CABANG-161;PHI Mini Market - Palu 02
CABANG-162;PHI Mini Market - Palangka Raya 02
CABANG-163;PHI Mini Market - Tangerang  02
CABANG-164;PHI Mini Market - Payakumbuh 04
CABANG-165;PHI Mini Market - Jakarta Utara 01
CABANG-166;PHI Mini Market - Mataram 02
CABANG-167;PHI Mini Market - Probolinggo 02
CABANG-168;PHI Mini Market - Bekasi 02
CABANG-169;PHI Mini Market - Banjarmasin 03
CABANG-170;PHI Mini Market - Prabumulih 01
CABANG-171;PHI Mini Market - Lubuklinggau 03
CABANG-172;PHI Mini Market - Tebing Tinggi 03
CABANG-173;PHI Mini Market - Madiun 04
CABANG-174;PHI Mini Market - Palangka Raya 03
CABANG-175;PHI Mini Market - Bau-Bau 03
CABANG-176;PHI Mini Market - Sabang 01
CABANG-177;PHI Mini Market - Dumai 02
CABANG-178;PHI Mini Market - Jakarta Utara 02
CABANG-179;PHI Mini Market - Bandar Lampung 01
CABANG-180;PHI Mini Market - Serang 05
CABANG-181;PHI Mini Market - Magelang 02
CABANG-182;PHI Mini Market - Kendari 02
CABANG-183;PHI Mini Market - Langsa 02
CABANG-184;PHI Mini Market - Jakarta Utara 03
CABANG-185;PHI Mini Market - Jakarta Selatan 02
CABANG-186;PHI Mini Market - Pangkal Pinang 06
CABANG-187;PHI Mini Market - Dumai 03
CABANG-188;PHI Mini Market - Gorontalo 02
CABANG-189;PHI Mini Market - Bitung 03
CABANG-190;PHI Mini Market - Denpasar 03
CABANG-191;PHI Mini Market - Bima 04
CABANG-192;PHI Mini Market - Balikpapan 06
CABANG-193;PHI Mini Market - Kotamobagu 01
CABANG-194;PHI Mini Market - Banjarmasin 04
CABANG-195;PHI Mini Market - Samarinda 03
CABANG-196;PHI Mini Market - Pekalongan 01
CABANG-197;PHI Mini Market - Mataram 03
CABANG-198;PHI Mini Market - Metro 02
CABANG-199;PHI Mini Market - Medan 03
CABANG-200;PHI Mini Market - Mojokerto 02
CABANG-201;PHI Mini Market - Tebing Tinggi 04
CABANG-202;PHI Mini Market - Dumai 04
CABANG-203;PHI Mini Market - Bitung 04
CABANG-204;PHI Mini Market - Bima 05
CABANG-205;PHI Mini Market - Sibolga 02
CABANG-206;PHI Mini Market - Bukittinggi 03
CABANG-207;PHI Mini Market - Blitar 03
CABANG-208;PHI Mini Market - Banjarbaru 02
CABANG-209;PHI Mini Market - Tasikmalaya 02
CABANG-210;PHI Mini Market - Sorong 01
CABANG-211;PHI Mini Market - Pariaman 01
CABANG-212;PHI Mini Market - Padang Panjang 04
CABANG-213;PHI Mini Market - Madiun 05
CABANG-214;PHI Mini Market - Bau-Bau 04
CABANG-215;PHI Mini Market - Dumai 05
CABANG-216;PHI Mini Market - Banjarmasin 05
CABANG-217;PHI Mini Market - Bengkulu 02
CABANG-218;PHI Mini Market - Bogor 05
CABANG-219;PHI Mini Market - Payakumbuh 05
CABANG-220;PHI Mini Market - Tual 03
CABANG-221;PHI Mini Market - Bandung 01
CABANG-222;PHI Mini Market - Batam 02
CABANG-223;PHI Mini Market - Pariaman 02
CABANG-224;PHI Mini Market - Bontang 05
CABANG-225;PHI Mini Market - Sukabumi 06
CABANG-226;PHI Mini Market - Palembang 02
CABANG-227;PHI Mini Market - Tarakan 03
CABANG-228;PHI Mini Market - Samarinda 04
CABANG-229;PHI Mini Market - Depok 03
CABANG-230;PHI Mini Market - Bima 06
CABANG-231;PHI Mini Market - Ternate 03
CABANG-232;PHI Mini Market - Denpasar 04
CABANG-233;PHI Mini Market - Bandar Lampung 02
CABANG-234;PHI Mini Market - Manado 02
CABANG-235;PHI Mini Market - Tebing Tinggi 05
CABANG-236;PHI Mini Market - Ternate 04
CABANG-237;PHI Mini Market - Pangkal Pinang 07
CABANG-238;PHI Mini Market - Sabang 02
CABANG-239;PHI Mini Market - Bitung 05
CABANG-240;PHI Mini Market - Palangka Raya 04
CABANG-241;PHI Mini Market - Mojokerto 03
CABANG-242;PHI Mini Market - Jakarta Barat 01
CABANG-243;PHI Mini Market - Jakarta Pusat 02
CABANG-244;PHI Mini Market - Padang 03
CABANG-245;PHI Mini Market - Pekalongan 02
CABANG-246;PHI Mini Market - Palembang 03
CABANG-247;PHI Mini Market - Pekanbaru 04
CABANG-248;PHI Mini Market - Batam 03
CABANG-249;PHI Mini Market - Pagar Alam 02
CABANG-250;PHI Mini Market - Bau-Bau 05
CABANG-251;PHI Mini Market - Jakarta Timur 05
CABANG-252;PHI Mini Market - Jakarta Barat 02
CABANG-253;PHI Mini Market - Semarang 02
CABANG-254;PHI Mini Market - Tanjung Balai 03
CABANG-255;PHI Mini Market - Batam 04
CABANG-256;PHI Mini Market - Madiun 06
CABANG-257;PHI Mini Market - Jakarta Pusat 03
CABANG-258;PHI Mini Market - Cimahi 02
CABANG-259;PHI Mini Market - Bandar Lampung 03
CABANG-260;PHI Mini Market - Jakarta Selatan 03
CABANG-261;PHI Mini Market - Pagar Alam 03
CABANG-262;PHI Mini Market - Sukabumi 07
CABANG-263;PHI Mini Market - Binjai 01
CABANG-264;PHI Mini Market - Yogyakarta 01
CABANG-265;PHI Mini Market - Bukittinggi 04
CABANG-266;PHI Mini Market - Sorong 02
CABANG-267;PHI Mini Market - Palangka Raya 05
CABANG-268;PHI Mini Market - Malang 02
CABANG-269;PHI Mini Market - Tangerang  03
CABANG-270;PHI Mini Market - Tangerang  04
CABANG-271;PHI Mini Market - Medan 04
CABANG-272;PHI Mini Market - Jakarta Selatan 04
CABANG-273;PHI Mini Market - Singkawang 04
CABANG-274;PHI Mini Market - Jayapura 03
CABANG-275;PHI Mini Market - Jambi 03
CABANG-276;PHI Mini Market - Jakarta Barat 03
CABANG-277;PHI Mini Market - Solok 02
CABANG-278;PHI Mini Market - Banjarmasin 06
CABANG-279;PHI Mini Market - Jambi 04
CABANG-280;PHI Mini Market - Sibolga 03
CABANG-281;PHI Mini Market - Tanjung Pinang 03
CABANG-282;PHI Mini Market - Malang 03
CABANG-283;PHI Mini Market - Jakarta Pusat 04
CABANG-284;PHI Mini Market - Padang 04
CABANG-285;PHI Mini Market - Bandar Lampung 04
CABANG-286;PHI Mini Market - Singkawang 05
CABANG-287;PHI Mini Market - Pagar Alam 04
CABANG-288;PHI Mini Market - Tidore 03
CABANG-289;PHI Mini Market - Tebing Tinggi 06
CABANG-290;PHI Mini Market - Sawahlunto 06
CABANG-291;PHI Mini Market - Bogor 06
CABANG-292;PHI Mini Market - Bandung 02
CABANG-293;PHI Mini Market - Bandar Lampung 05
CABANG-294;PHI Mini Market - Cirebon 02
CABANG-295;PHI Mini Market - Gorontalo 03
CABANG-296;PHI Mini Market - Cilegon 03
CABANG-297;PHI Mini Market - Singkawang 06
CABANG-298;PHI Mini Market - Tarakan 04
CABANG-299;PHI Mini Market - Ternate 05
CABANG-300;PHI Mini Market - Pekalongan 03
CABANG-301;PHI Mini Market - Makassar 04
CABANG-302;PHI Mini Market - Magelang 03
CABANG-303;PHI Mini Market - Bukittinggi 05
CABANG-304;PHI Mini Market - Banda Aceh 01
CABANG-305;PHI Mini Market - Bau-Bau 06
CABANG-306;PHI Mini Market - Jakarta Selatan 05
CABANG-307;PHI Mini Market - Magelang 04
CABANG-308;PHI Mini Market - Tanjung Pinang 04
CABANG-309;PHI Mini Market - Jayapura 04
CABANG-310;PHI Mini Market - Jakarta Utara 04
CABANG-311;PHI Mini Market - Tidore 04
CABANG-312;PHI Mini Market - Mataram 04
CABANG-313;PHI Mini Market - Gorontalo 04
CABANG-314;PHI Mini Market - Jakarta Timur 06
CABANG-315;PHI Mini Market - Tomohon 02
CABANG-316;PHI Mini Market - Subulussalam 01
CABANG-317;PHI Mini Market - Jayapura 05
CABANG-318;PHI Mini Market - Tanjung Pinang 05
CABANG-319;PHI Mini Market - Ambon 04
CABANG-320;PHI Mini Market - Sawahlunto 07
CABANG-321;PHI Mini Market - Tasikmalaya 03
CABANG-322;PHI Mini Market - Malang 04
CABANG-323;PHI Mini Market - Malang 05
CABANG-324;PHI Mini Market - Bandar Lampung 06
CABANG-325;PHI Mini Market - Bukittinggi 06
CABANG-326;PHI Mini Market - Tidore 05
CABANG-327;PHI Mini Market - Tegal 04
CABANG-328;PHI Mini Market - Tebing Tinggi 07
CABANG-329;PHI Mini Market - Sorong 03
CABANG-330;PHI Mini Market - Malang 06
CABANG-331;PHI Mini Market - Sibolga 04
CABANG-332;PHI Mini Market - Tarakan 05
CABANG-333;PHI Mini Market - Manado 03
CABANG-334;PHI Mini Market - Cilegon 04
CABANG-335;PHI Mini Market - Medan 05
CABANG-336;PHI Mini Market - Tidore 06
CABANG-337;PHI Mini Market - Jambi 05
CABANG-338;PHI Mini Market - Ambon 05
CABANG-339;PHI Mini Market - Payakumbuh 06
CABANG-340;PHI Mini Market - Sawahlunto 08
CABANG-341;PHI Mini Market - Pontianak 01
CABANG-342;PHI Mini Market - Tidore 07
CABANG-343;PHI Mini Market - Tanjung Pinang 06
CABANG-344;PHI Mini Market - Serang 06
CABANG-345;PHI Mini Market - Pagar Alam 05
CABANG-346;PHI Mini Market - Solok 03
CABANG-347;PHI Mini Market - Bau-Bau 07
CABANG-348;PHI Mini Market - Pekanbaru 05
CABANG-349;PHI Mini Market - Semarang 03
CABANG-350;PHI Mini Market - Serang 07
CABANG-351;PHI Mini Market - Tebing Tinggi 08
CABANG-352;PHI Mini Market - Depok 04
CABANG-353;PHI Mini Market - Mojokerto 04
CABANG-354;PHI Mini Market - Jakarta Barat 04
CABANG-355;PHI Mini Market - Mataram 05
CABANG-356;PHI Mini Market - Pagar Alam 06
CABANG-357;PHI Mini Market - Padang Sidempuan 02
CABANG-358;PHI Mini Market - Tarakan 06
CABANG-359;PHI Mini Market - Tanjung Pinang 07
CABANG-360;PHI Mini Market - Pematangsiantar 03
CABANG-361;PHI Mini Market - Kotamobagu 02
CABANG-362;PHI Mini Market - Malang 07
CABANG-363;PHI Mini Market - Kendari 03
CABANG-364;PHI Mini Market - Tegal 05
CABANG-365;PHI Mini Market - Pagar Alam 07
CABANG-366;PHI Mini Market - Banda Aceh 02
CABANG-367;PHI Mini Market - Serang 08
CABANG-368;PHI Mini Market - Palangka Raya 06
CABANG-369;PHI Mini Market - Bima 07
CABANG-370;PHI Mini Market - Binjai 02
CABANG-371;PHI Mini Market - Sibolga 05
CABANG-372;PHI Mini Market - Banjarbaru 03
CABANG-373;PHI Mini Market - Bitung 06
CABANG-374;PHI Mini Market - Dumai 06
CABANG-375;PHI Mini Market - Probolinggo 03
CABANG-376;PHI Mini Market - Sorong 04
CABANG-377;PHI Mini Market - Dumai 07
CABANG-378;PHI Mini Market - Tasikmalaya 04
CABANG-379;PHI Mini Market - Pasuruan 06
CABANG-380;PHI Mini Market - Tarakan 07
CABANG-381;PHI Mini Market - Cirebon 03
CABANG-382;PHI Mini Market - Banjarmasin 07
CABANG-383;PHI Mini Market - Tanjung Pinang 08
CABANG-384;PHI Mini Market - Prabumulih 02
CABANG-385;PHI Mini Market - Gorontalo 05
CABANG-386;PHI Mini Market - Jakarta Pusat 05
CABANG-387;PHI Mini Market - Malang 08
CABANG-388;PHI Mini Market - Jakarta Pusat 06
CABANG-389;PHI Mini Market - Bima 08
CABANG-390;PHI Mini Market - Sibolga 06
CABANG-391;PHI Mini Market - Ternate 06
CABANG-392;PHI Mini Market - Ternate 07
CABANG-393;PHI Mini Market - Kediri 02
CABANG-394;PHI Mini Market - Bitung 07
CABANG-395;PHI Mini Market - Pagar Alam 08
CABANG-396;PHI Mini Market - Pekanbaru 06
CABANG-397;PHI Mini Market - Pematangsiantar 04
CABANG-398;PHI Mini Market - Dumai 08
CABANG-399;PHI Mini Market - Jakarta Pusat 07
CABANG-400;PHI Mini Market - Depok 05
CABANG-401;PHI Mini Market - Banjarmasin 08
CABANG-402;PHI Mini Market - Semarang 04
CABANG-403;PHI Mini Market - Cilegon 05
CABANG-404;PHI Mini Market - Yogyakarta 02
CABANG-405;PHI Mini Market - Jakarta Pusat 08
CABANG-406;PHI Mini Market - Tangerang  05
CABANG-407;PHI Mini Market - Bukittinggi 07
CABANG-408;PHI Mini Market - Dumai 09
CABANG-409;PHI Mini Market - Padang Sidempuan 03
CABANG-410;PHI Mini Market - Pontianak 02
CABANG-411;PHI Mini Market - Kendari 04
CABANG-412;PHI Mini Market - Cirebon 04
CABANG-413;PHI Mini Market - Batu 02
CABANG-414;PHI Mini Market - Makassar 05
CABANG-415;PHI Mini Market - Palopo 01
CABANG-416;PHI Mini Market - Tebing Tinggi 09
CABANG-417;PHI Mini Market - Sawahlunto 09
CABANG-418;PHI Mini Market - Pangkal Pinang 08
CABANG-419;PHI Mini Market - Pontianak 03
CABANG-420;PHI Mini Market - Prabumulih 03
CABANG-421;PHI Mini Market - Metro 03
CABANG-422;PHI Mini Market - Tangerang  06
CABANG-423;PHI Mini Market - Medan 06
CABANG-424;PHI Mini Market - Jambi 06
CABANG-425;PHI Mini Market - Tebing Tinggi 10
CABANG-426;PHI Mini Market - Jakarta Barat 05
CABANG-427;PHI Mini Market - Jakarta Utara 05
CABANG-428;PHI Mini Market - Tanjung Balai 04
CABANG-429;PHI Mini Market - Dumai 10
CABANG-430;PHI Mini Market - Balikpapan 07
CABANG-431;PHI Mini Market - Kediri 03
CABANG-432;PHI Mini Market - Mojokerto 05
CABANG-433;PHI Mini Market - Jakarta Selatan 06
CABANG-434;PHI Mini Market - Sabang 03
CABANG-435;PHI Mini Market - Banjar 05
CABANG-436;PHI Mini Market - Tomohon 03
CABANG-437;PHI Mini Market - Ternate 08
CABANG-438;PHI Mini Market - Cilegon 06
CABANG-439;PHI Mini Market - Manado 04
CABANG-440;PHI Mini Market - Binjai 03
CABANG-441;PHI Mini Market - Pasuruan 07
CABANG-442;PHI Mini Market - Jakarta Timur 07
CABANG-443;PHI Mini Market - Depok 06
CABANG-444;PHI Mini Market - Pekalongan 04
CABANG-445;PHI Mini Market - Semarang 05
CABANG-446;PHI Mini Market - Batam 05
CABANG-447;PHI Mini Market - Banjarmasin 09
CABANG-448;PHI Mini Market - Tual 04
CABANG-449;PHI Mini Market - Padang Sidempuan 04
CABANG-450;PHI Mini Market - Jakarta Selatan 07
CABANG-451;PHI Mini Market - Batu 03
CABANG-452;PHI Mini Market - Pekanbaru 07
CABANG-453;PHI Mini Market - Madiun 07
CABANG-454;PHI Mini Market - Surakarta 02
CABANG-455;PHI Mini Market - Binjai 04
CABANG-456;PHI Mini Market - Yogyakarta 03
CABANG-457;PHI Mini Market - Tegal 06
CABANG-458;PHI Mini Market - Payakumbuh 07
CABANG-459;PHI Mini Market - Sibolga 07
CABANG-460;PHI Mini Market - Medan 07
CABANG-461;PHI Mini Market - Bima 09
CABANG-462;PHI Mini Market - Tanjung Pinang 09
CABANG-463;PHI Mini Market - Bima 10
CABANG-464;PHI Mini Market - Bima 11
CABANG-465;PHI Mini Market - Pariaman 03
CABANG-466;PHI Mini Market - Lhokseumawe 02
CABANG-467;PHI Mini Market - Ternate 09
CABANG-468;PHI Mini Market - Salatiga 03
CABANG-469;PHI Mini Market - Bandung 03
CABANG-470;PHI Mini Market - Lubuklinggau 04
CABANG-471;PHI Mini Market - Pasuruan 08
CABANG-472;PHI Mini Market - Tegal 07
CABANG-473;PHI Mini Market - Jakarta Barat 06
CABANG-474;PHI Mini Market - Tebing Tinggi 11
CABANG-475;PHI Mini Market - Jakarta Timur 08
CABANG-476;PHI Mini Market - Tidore 08
CABANG-477;PHI Mini Market - Tangerang  07
CABANG-478;PHI Mini Market - Tanjung Pinang 10
CABANG-479;PHI Mini Market - Kotamobagu 03
CABANG-480;PHI Mini Market - Depok 07
CABANG-481;PHI Mini Market - Malang 09
CABANG-482;PHI Mini Market - Semarang 06
CABANG-483;PHI Mini Market - Medan 08
CABANG-484;PHI Mini Market - Palangka Raya 07
CABANG-485;PHI Mini Market - Ternate 10
CABANG-486;PHI Mini Market - Banda Aceh 03
CABANG-487;PHI Mini Market - Tebing Tinggi 12
CABANG-488;PHI Mini Market - Pagar Alam 09
CABANG-489;PHI Mini Market - Tebing Tinggi 13
CABANG-490;PHI Mini Market - Ternate 11
CABANG-491;PHI Mini Market - Manado 05
CABANG-492;PHI Mini Market - Palopo 02
CABANG-493;PHI Mini Market - Batu 04
CABANG-494;PHI Mini Market - Malang 10
CABANG-495;PHI Mini Market - Semarang 07
CABANG-496;PHI Mini Market - Mojokerto 06
CABANG-497;PHI Mini Market - Tebing Tinggi 14
CABANG-498;PHI Mini Market - Manado 06
CABANG-499;PHI Mini Market - Medan 09
CABANG-500;PHI Mini Market - Balikpapan 08
